Shape,Carat,Color,Clarity,Cut,Fluorescence,Polish,Symmetry,Length,Width,Depth,Log_Price
1,1.01,4,6,0,0,0,0,6.43,6.47,3.95,9.513181956185786
1,1.4,0,4,0,1,0,0,7.13,7.16,4.46,10.20824795652266
1,1.85,7,5,0,0,0,0,8.2,8.26,5.02,10.20691993507914
1,0.3,5,7,0,1,0,0,4.31,4.34,2.61,6.075346031088684
1,0.56,3,4,0,0,0,0,5.23,5.27,3.26,8.031060180240619
1,0.3,6,2,3,1,0,2,4.2,4.25,2.62,6.037870919922137
1,1.43,1,1,0,1,0,0,7.06,7.15,4.43,9.510667161961042
1,1.3,1,3,0,1,0,0,6.93,6.97,4.32,10.21942903970169
1,1.5,0,2,0,1,0,0,7.45,7.48,4.48,10.21189094780116
1,0.51,4,4,0,1,0,0,5.2,5.18,3.1,8.034955024502159
1,1.51,1,1,0,0,0,0,7.32,7.28,4.52,10.214385538037911
1,1.85,0,1,2,0,1,2,7.59,7.74,4.9,10.212074585667805
1,1.85,4,4,0,0,0,0,8.11,8.16,4.85,10.219027953116305
1,1.5,6,2,0,1,0,0,7.24,7.3,4.49,9.51296031679217
1,0.5,1,6,0,1,0,3,5.16,5.18,3.11,8.028781162487148
1,1.85,6,4,0,0,0,0,7.8,7.85,4.98,10.229151590440738
1,0.57,5,6,0,0,0,0,5.34,5.3,3.27,8.03689677268507
1,0.6,4,5,0,1,0,0,5.39,5.44,3.33,8.036573409707312
1,0.56,4,4,0,0,0,0,5.29,5.26,3.27,8.0323601479245
1,1.72,4,2,0,0,0,0,7.64,7.68,4.77,10.208837622641315
1,1.2,3,1,0,0,0,0,6.73,6.76,4.22,9.031931152002144
1,1.07,4,3,0,1,0,0,6.47,6.51,4.06,9.500993027872797
1,0.31,7,1,0,1,0,0,4.38,4.39,2.64,6.091309882077698
1,1.01,3,4,1,0,2,2,6.48,6.63,1.01,9.497922439427631
1,1.51,6,0,3,0,0,3,7.59,7.63,4.42,10.213469132482675
1,1.0,2,1,2,1,0,3,6.27,6.28,3.97,9.031572493381526
1,0.35,6,2,0,1,0,0,4.5,4.53,2.82,6.068425588244111
1,0.91,1,6,0,1,2,0,6.26,6.29,3.78,9.493336482437249
1,0.52,1,4,0,1,0,0,5.22,5.24,3.14,8.029432840581244
1,0.5,2,5,3,1,0,0,4.97,4.94,3.15,8.035602692918582
1,1.6,4,2,0,1,0,0,7.57,7.58,4.55,10.211376582296397
1,1.85,3,2,0,1,0,0,7.87,7.83,4.99,10.22379411156297
1,1.01,3,2,3,0,2,3,6.29,6.22,3.99,9.034676602846295
1,0.3,4,7,3,1,0,3,4.27,4.3,2.61,5.948034989180646
1,1.71,6,5,0,1,0,0,7.64,7.65,4.77,10.217166265013583
1,0.5,2,5,3,1,2,3,4.99,4.94,3.17,8.035602692918582
1,0.54,4,0,3,1,0,3,5.32,5.37,3.2,8.034955024502159
1,1.5,4,4,3,0,0,3,7.04,7.13,4.53,9.508591395777199
1,1.8,2,2,0,1,0,0,7.72,7.75,4.84,10.232071616308335
1,1.85,6,4,0,1,0,0,8.06,8.09,5.0,10.223576309906816
1,1.0,2,4,2,0,0,3,6.24,6.3,3.99,9.028818495352793
1,0.3,5,2,2,1,2,1,4.23,4.24,2.65,6.059123195581797
1,1.5,1,1,0,0,0,0,7.25,7.28,4.56,10.213542475839635
1,1.45,0,3,0,1,0,0,7.18,7.23,4.51,10.208837622641315
1,0.3,6,1,3,1,2,3,4.35,4.38,2.52,6.161207321695077
1,1.21,3,1,0,1,0,0,6.86,6.88,4.22,9.495820020872763
1,0.53,3,3,0,1,0,0,5.16,5.18,3.22,8.032035314398824
1,1.55,3,5,0,0,0,3,7.47,7.49,4.62,10.233294770038556
1,0.8,3,5,0,1,0,0,5.91,5.94,3.68,9.031572493381526
1,0.3,2,7,2,1,2,3,4.06,4.08,2.77,6.07073772800249
1,0.9,4,5,0,1,0,3,6.22,6.17,3.77,9.039196115772354
1,1.4,6,3,0,0,0,0,7.14,7.11,4.37,9.505246289517283
1,1.01,6,1,0,1,0,0,6.53,6.54,3.88,9.029178142902074
1,1.01,5,1,0,1,0,0,6.45,6.4,3.99,9.031572493381526
1,0.9,5,5,0,1,2,3,6.14,6.11,3.83,9.028218795184895
1,1.51,4,6,0,0,0,0,7.37,7.42,4.53,10.20846912206597
1,0.3,7,1,0,1,0,3,4.23,4.27,2.7,5.971261839790462
1,1.09,0,3,0,0,0,0,6.69,6.65,4.07,9.507997527450042
1,0.3,7,4,3,1,0,0,4.24,4.27,2.67,6.124683390894205
1,1.23,2,5,0,0,0,0,6.93,6.96,4.18,10.232935174220376
1,1.85,6,4,0,1,0,0,7.97,8.02,4.99,10.231639557541623
1,0.3,7,1,1,1,0,2,4.19,4.22,2.52,5.940171252720432
1,1.2,0,5,0,0,0,0,6.86,6.83,4.2,10.206772268215317
1,0.55,4,5,0,1,0,0,5.21,5.25,3.28,8.034955024502159
1,0.3,6,1,1,1,2,2,3.98,4.02,2.86,6.12029741895095
1,0.3,5,7,3,1,0,3,4.24,4.25,2.68,6.008813185442595
1,1.0,4,4,0,0,0,3,6.31,6.38,3.96,9.496346040047019
1,1.01,3,4,0,0,0,0,6.46,6.41,3.96,9.502114062331216
1,1.13,3,4,0,1,2,3,6.74,6.81,4.12,9.50144159247362
1,1.22,6,2,2,1,2,2,6.79,6.82,4.17,9.029178142902074
1,1.31,5,1,0,1,0,0,7.05,7.05,4.28,9.493939118990328
1,0.64,5,4,0,1,0,0,5.63,5.67,3.33,8.034631032923107
1,1.26,1,3,0,1,0,0,6.88,6.91,4.3,10.20946376214355
1,0.72,6,6,0,1,0,0,5.79,5.81,3.56,8.036249942132116
1,1.11,5,3,0,0,0,0,6.59,6.63,4.13,9.031811613420924
1,0.3,6,2,0,1,2,3,4.29,4.3,2.6,6.075346031088684
1,1.21,0,2,0,1,0,0,6.79,6.83,4.19,9.511407464038086
1,1.13,3,4,0,1,0,0,6.63,6.66,4.15,9.50144159247362
1,1.0,4,2,0,0,2,3,6.4,6.43,3.95,9.030615441029495
1,0.62,4,4,0,1,0,0,5.54,5.56,3.31,8.033334015880062
1,0.62,5,6,0,1,0,0,5.43,5.46,3.37,8.030409562130485
1,0.63,0,5,0,1,0,0,5.46,5.47,3.38,9.040026434306505
1,1.85,2,2,3,1,2,0,7.86,7.91,5.06,10.21990284381078
1,1.2,4,5,0,0,0,0,6.79,6.83,4.18,9.499721001063545
1,0.83,1,5,0,1,0,0,6.03,6.0,3.75,9.496195777086555
1,1.1,3,7,0,0,2,0,6.58,6.6,4.11,9.032886946579088
1,1.01,1,3,3,0,0,3,6.31,6.25,3.99,9.505841793480096
1,1.01,0,4,0,0,0,0,6.41,6.43,4.0,9.500993027872797
1,0.3,5,7,3,1,0,3,4.22,4.24,2.7,5.991464547107982
1,1.0,2,2,0,0,0,0,6.43,6.47,3.97,9.033006356693267
1,1.51,2,2,0,1,0,0,7.31,7.34,4.54,9.511407464038086
1,1.01,2,3,0,0,0,0,6.45,6.4,4.0,9.509481537516857
1,0.5,1,3,0,0,0,0,5.13,5.1,3.08,8.03398273468322
1,1.2,4,1,0,0,0,0,6.79,6.75,4.25,9.494014423030425
1,0.7,1,7,3,1,2,3,5.7,5.65,3.44,8.029107054619736
1,0.5,3,5,0,0,0,0,5.07,5.08,3.18,8.03365842788615
1,1.3,5,4,0,1,0,0,6.96,6.9,4.39,9.496796693502144
1,1.85,2,2,3,0,0,3,7.91,7.98,4.99,10.232179601838379
1,0.3,7,2,1,0,0,2,4.03,4.11,2.7,5.87493073085203
1,0.5,2,5,3,1,0,3,4.91,4.97,3.19,8.029758520440822
1,1.07,3,3,0,1,0,0,6.49,6.52,4.05,9.495068084601527
1,0.3,7,7,0,0,2,0,4.25,4.27,2.69,6.129050210060545
1,0.38,0,0,0,1,0,0,4.61,4.65,2.9,8.030409562130485
1,0.45,0,5,0,1,0,0,4.91,4.87,3.08,8.037220031133012
1,0.18,6,5,0,0,0,0,3.72,3.7,2.23,6.161207321695077
1,0.9,4,3,0,1,0,0,6.16,6.11,3.89,8.98619632032839
0,0.54,0,4,0,1,2,2,4.36,4.25,3.31,7.6290038896529575
0,0.33,1,1,0,1,2,2,4.04,3.96,2.64,6.818924065275521
0,0.5,2,2,0,0,1,1,4.09,4.07,3.32,7.121252453244542
0,0.69,3,1,0,1,2,2,4.84,4.3,3.52,7.705262474866325
0,0.63,4,4,0,0,1,2,4.67,4.62,3.36,7.428927194802272
0,0.53,7,7,0,1,2,3,4.34,4.32,3.37,7.05444965813294
0,0.51,2,3,0,0,1,1,4.25,4.16,3.37,7.675081857716334
0,0.45,4,7,0,1,1,1,4.12,3.89,2.95,6.687108607866515
0,0.54,5,2,0,1,2,2,4.44,4.34,3.35,6.96979066990159
0,0.5,1,1,0,1,0,2,4.28,4.15,3.12,7.430114138561801
0,0.49,0,1,0,1,2,2,4.5,4.36,3.22,7.317876198626496
0,0.47,0,4,0,1,1,2,4.38,4.22,3.03,7.472500744737558
0,0.48,2,7,3,1,2,3,4.7,4.0,3.0,7.085064293952548
0,0.5,0,1,0,1,1,1,4.36,4.2,3.18,7.387090235656757
0,0.5,1,6,0,0,0,3,4.26,4.15,3.07,7.698936199813447
0,0.51,2,1,0,1,0,3,4.32,4.31,3.12,7.490529402060711
0,0.9,7,3,0,1,2,2,5.16,4.9,3.88,7.803843303538772
0,0.5,6,0,0,1,0,3,4.34,4.18,3.26,7.168579897264035
0,0.58,4,6,0,1,1,2,4.66,4.21,3.43,7.62608275807238
0,0.5,5,3,0,0,2,3,4.23,4.19,3.11,7.583756300707112
0,0.63,4,7,0,1,1,2,4.66,4.35,3.48,7.465082736399547
0,0.41,6,5,0,1,1,2,4.14,4.09,2.88,7.060476365999801
0,0.61,6,4,0,1,2,3,4.58,4.52,3.36,7.501634457883413
0,0.58,6,6,0,1,1,2,4.48,4.41,3.4,7.426549072397305
0,0.3,5,3,0,1,0,3,3.5,3.47,2.71,6.723832440821209
0,0.31,0,7,0,0,1,1,3.73,3.52,2.68,6.480044561926653
0,0.41,5,6,0,1,0,3,4.07,3.99,2.96,7.072421900537371
0,0.5,1,4,0,1,0,2,4.34,4.31,3.15,7.5688956634069955
0,0.56,4,3,0,0,1,2,4.89,4.26,3.14,7.803026643632217
0,0.73,1,2,0,1,0,3,5.05,4.94,3.6,7.367077059881012
0,0.61,1,7,0,1,1,2,4.54,4.54,3.54,7.5485559791698735
0,0.71,4,7,0,0,2,2,4.95,4.73,3.43,7.400620577371135
0,0.34,5,3,0,1,2,3,3.81,3.75,2.79,7.270312886079025
0,0.49,3,4,0,1,2,2,4.29,4.22,3.03,7.4127640174265625
0,0.5,2,6,0,1,0,3,4.29,4.24,3.1,7.479299637782834
0,0.52,2,4,0,1,1,2,4.73,4.28,3.14,7.537430036586509
0,0.45,7,1,0,0,2,2,4.92,4.35,2.48,6.584791392385716
0,0.5,4,3,0,1,0,3,4.26,4.25,3.14,7.789040401657477
0,0.31,1,4,0,1,2,2,3.86,3.74,2.58,6.827629234502852
0,0.22,3,3,0,1,2,0,3.3,3.25,2.35,6.535241271013659
0,0.42,3,5,0,1,0,3,4.13,4.08,2.99,7.357556200910353
0,0.52,2,2,0,1,2,1,4.66,4.19,2.99,7.3914152346753585
0,0.51,1,3,0,1,2,2,4.36,4.35,3.14,7.786136437783072
0,0.6,0,1,0,1,2,3,4.57,4.38,3.34,7.421177528595393
0,0.78,6,6,0,0,0,3,4.94,4.93,3.62,7.669495251007694
0,0.56,6,0,0,1,0,0,4.72,4.67,3.08,7.329093736246592
0,0.5,0,3,0,0,0,2,4.24,4.23,3.16,7.719129840906732
0,0.62,5,4,0,0,0,3,4.82,4.78,3.25,7.720461694599722
0,0.55,4,5,0,1,2,3,4.61,4.52,3.16,7.671826797878781
0,0.31,5,6,0,1,0,3,3.85,3.8,2.55,6.692083742506628
0,0.36,0,1,0,1,0,3,3.84,3.83,2.78,7.165493475060845
0,0.63,6,3,0,0,2,3,4.67,4.66,3.45,7.714677473800927
0,0.32,0,4,0,0,2,3,3.81,3.81,2.6,6.8501261661455
0,0.65,5,5,0,1,0,0,4.62,4.6,3.47,7.633853559681768
0,0.72,1,1,0,0,0,3,5.02,4.86,3.53,7.552762084214147
0,0.6,1,2,0,1,0,3,4.55,4.52,3.36,7.615791072035833
0,0.31,3,5,0,1,0,2,3.79,3.62,2.69,6.945051063725834
0,0.52,1,7,0,1,2,3,4.55,4.45,3.03,7.317212408359839
0,0.31,1,3,0,1,0,3,3.97,3.79,2.57,6.914730892718563
0,0.49,2,6,0,0,1,2,4.21,4.04,3.21,7.200424892944957
0,0.51,1,5,0,0,0,3,4.48,4.42,2.99,7.679713639966372
0,0.74,5,4,0,1,1,2,4.59,4.58,3.7,7.741533589281828
0,0.58,3,5,0,1,0,3,4.67,4.63,3.26,7.746732907753622
0,0.59,7,6,0,1,0,3,4.56,4.53,3.28,7.29641326877392
0,0.6,7,1,0,1,0,2,4.49,4.47,3.23,7.475905969367397
0,0.61,1,4,0,1,0,3,4.71,4.6,3.32,7.820840879907344
0,0.5,7,3,0,1,0,3,4.54,4.52,3.17,7.113142108707088
0,0.74,4,1,0,1,2,2,4.87,4.71,3.65,7.460490305825338
0,0.46,5,4,0,1,1,2,4.28,4.16,3.01,7.201916317531627
0,0.5,0,5,0,1,2,3,4.61,4.47,3.0,7.6787889981991535
0,0.41,2,1,0,1,0,2,4.17,4.04,2.99,7.049254841255837
0,0.53,1,6,0,1,0,3,4.35,4.33,3.23,7.675081857716334
0,0.42,0,6,0,1,2,2,4.39,4.22,2.89,7.444833273892193
0,0.72,5,1,0,1,0,3,4.95,4.85,3.52,7.824845691026856
0,0.5,0,3,0,1,0,3,4.53,4.48,3.17,7.684783943522785
0,0.7,6,4,0,1,0,3,4.85,4.78,3.48,7.741099090035366
0,0.78,5,7,0,1,1,2,5.38,4.77,3.63,7.4949862339505335
0,0.3,5,5,0,0,2,3,3.49,3.49,2.71,6.738152494595957
0,0.57,2,7,0,1,2,3,4.7,4.6,3.12,7.033506484287697
0,0.71,2,3,0,0,0,3,4.93,4.82,3.51,7.650168700845001
0,0.62,2,4,0,1,2,2,5.14,4.93,3.18,7.794823152179389
0,0.81,7,4,0,0,2,3,5.09,4.86,3.71,7.795234929002173
0,0.59,3,3,0,1,0,2,4.7,4.62,3.31,7.690743163541872
0,0.5,0,2,0,1,2,1,4.29,4.15,3.25,7.291656209174461
0,0.45,3,3,0,1,1,1,4.36,3.71,3.13,7.1808311990445555
0,0.44,1,6,0,1,1,2,4.49,4.4,2.84,7.6577552711348655
0,0.5,1,6,0,0,0,0,4.39,4.32,3.09,7.617267813628347
0,0.63,6,2,0,0,2,1,4.75,4.41,3.57,7.15305163493748
0,0.6,2,2,0,1,0,3,4.71,4.64,3.37,7.554334823725748
0,0.7,6,3,0,1,0,3,5.06,4.51,3.58,7.671826797878781
0,0.59,7,4,0,0,0,2,4.6,4.48,3.36,7.3901814282264295
0,0.51,0,6,0,0,2,3,4.44,4.37,3.18,7.806289289267033
0,0.71,4,7,0,1,1,1,4.77,4.71,3.78,7.5485559791698735
0,0.57,4,4,0,1,1,1,5.02,4.61,3.14,7.505492274737424
0,0.45,1,2,0,1,1,2,4.43,4.17,2.95,7.445417556701687
0,0.7,4,1,0,1,0,3,4.7,4.69,3.58,7.777373602657861
0,0.7,3,2,0,1,1,2,5.79,5.17,3.07,8.056109659545061
0,0.55,1,3,0,0,2,3,4.93,4.72,3.13,7.536363938404511
0,0.53,1,1,1,1,2,3,4.83,4.66,3.09,7.223295679562314
0,0.53,5,4,0,1,2,3,4.77,4.55,3.12,7.516433302915632
0,0.8,2,2,0,0,0,0,5.66,5.15,3.69,7.96693349840484
0,0.41,4,1,0,0,0,2,4.26,4.1,2.82,6.673297967767654
0,0.7,7,3,0,1,0,0,5.08,4.79,3.34,7.370860166536716
0,0.51,6,4,0,0,0,3,4.39,4.34,2.9,6.86171134048073
0,0.56,0,4,0,0,0,3,5.31,5.26,2.66,7.451241684987676
0,0.5,5,1,0,1,0,2,4.88,4.24,2.85,7.271703706887368
0,0.7,3,4,0,0,0,3,5.41,4.85,3.43,7.916078096302786
0,0.5,3,3,0,1,2,3,4.68,3.96,3.03,7.407924322559599
0,0.53,6,4,0,1,0,3,4.72,4.22,3.09,7.113142108707088
0,0.7,1,6,0,1,0,3,4.95,4.95,3.43,7.784057002639929
0,0.61,0,3,1,0,0,0,5.04,4.58,3.06,7.3427791893318455
0,0.91,6,5,1,0,0,0,5.56,5.21,3.48,7.835579246669965
0,0.5,2,2,0,1,1,2,6.12,4.11,2.69,7.297091005160418
0,0.56,6,3,0,1,0,2,4.75,4.53,3.07,7.414572881350589
0,0.72,5,7,3,1,1,3,5.73,5.21,3.31,7.879291485082271
0,0.5,0,1,0,0,2,2,4.37,4.35,2.97,7.430114138561801
0,0.5,6,4,0,1,0,3,4.63,4.22,2.96,7.142036574706803
0,1.0,5,1,0,1,0,0,5.85,5.58,3.83,7.9672801789422
0,0.52,4,4,0,0,2,2,4.95,4.19,2.97,7.56734567601324
0,0.31,5,6,2,1,0,3,3.82,3.8,2.44,6.586171654854675
0,0.31,6,3,0,0,2,3,3.86,3.84,2.63,6.289715570908998
0,1.01,7,3,0,1,0,3,5.93,5.74,3.88,7.802618063442671
0,0.63,6,1,0,1,2,2,5.31,4.87,3.14,7.360103972989152
0,0.61,5,1,0,0,0,3,4.86,4.68,3.14,7.371489295214277
0,0.63,3,2,0,1,0,3,4.75,4.69,3.19,7.47477218239787
0,0.75,4,3,0,0,0,0,5.3,4.94,3.42,7.552237287560802
0,0.5,5,1,0,1,2,3,4.84,4.33,2.94,7.050989447068045
0,0.5,1,3,1,1,0,3,4.55,4.54,3.02,7.329093736246592
0,0.96,5,7,0,0,0,0,5.79,5.3,3.65,8.01565761455734
0,0.51,5,1,0,1,2,2,4.82,4.48,3.11,7.305860032684009
0,0.71,3,5,1,1,0,3,4.97,4.93,3.3,7.826443135456014
0,0.75,6,3,0,1,0,3,5.17,4.94,3.4,7.342131730584722
0,0.61,4,4,0,1,2,3,5.37,4.72,3.18,7.8826922062890254
0,0.62,6,4,0,1,0,3,4.89,4.65,3.21,7.111512116496157
0,0.46,4,2,1,1,2,2,4.55,4.22,2.77,6.693323668269949
0,0.95,5,6,0,0,2,2,5.74,4.93,3.69,8.051659556841953
0,0.5,6,1,0,0,0,3,5.04,4.42,2.68,7.2875606403097235
0,0.81,5,1,0,1,0,2,5.52,5.12,3.52,8.066207568006265
0,0.5,3,5,0,0,0,3,4.86,4.22,2.81,7.316548177182976
0,0.7,5,3,0,1,0,2,5.9,4.84,3.24,7.934871565945177
0,0.56,3,4,0,1,2,3,4.96,4.82,2.88,7.691656822810547
0,1.01,7,3,0,1,0,3,5.93,5.74,3.88,7.802618063442671
0,0.55,6,1,0,0,0,3,4.69,4.43,3.06,7.255591274253665
0,0.4,5,4,1,1,0,3,4.19,4.07,2.71,6.7357800142423265
0,1.03,5,2,0,0,0,0,5.83,5.59,3.82,7.798112628829788
0,1.0,7,1,0,0,0,0,5.79,5.48,3.74,8.00736706798333
0,0.5,6,3,0,1,0,3,4.74,4.15,2.86,7.226936018493289
0,0.7,6,1,0,1,0,3,5.39,4.65,3.22,7.701652362642226
0,0.52,3,2,0,0,2,3,4.67,4.51,2.87,7.552762084214147
0,1.0,3,2,0,1,0,0,5.67,5.66,3.86,7.828436359157585
0,0.52,5,5,0,0,0,3,4.6,4.49,3.03,7.3914152346753585
0,0.7,7,2,0,0,0,0,5.35,4.52,3.23,7.509335266016592
0,0.9,6,6,0,1,2,3,5.65,5.12,3.66,7.980365765111246
0,0.72,0,6,0,0,0,3,5.42,4.85,3.2,7.960672608388117
0,0.7,5,2,0,1,2,2,4.92,4.81,3.36,7.7039102096163115
0,1.05,5,1,0,1,0,3,5.94,5.66,3.79,8.012680929706839
0,0.91,5,1,0,1,2,3,5.63,5.25,3.63,7.650644551436897
0,0.5,4,2,0,1,2,3,4.84,4.2,2.81,7.48324441607385
0,0.5,6,1,0,1,0,3,4.39,4.31,3.02,7.055312843339752
0,0.9,6,5,0,0,2,2,5.7,4.8,3.7,7.824845691026856
0,0.8,2,2,0,1,0,3,5.51,5.0,3.48,7.461640392208575
0,0.91,7,4,0,1,2,2,5.86,4.71,3.67,7.653969180478774
0,0.91,7,6,0,1,0,0,5.51,5.4,3.66,8.043984431221553
0,0.83,7,6,0,1,2,3,5.78,5.25,3.63,8.030409562130485
0,0.71,4,7,0,1,0,2,5.42,4.9,3.37,7.650644551436897
0,0.86,0,1,3,0,0,3,5.86,5.09,3.46,7.887959336599945
0,0.73,3,3,0,1,0,0,5.35,4.51,3.33,7.789040401657477
0,0.52,6,6,0,1,0,3,4.58,4.56,3.14,7.186144304522325
0,1.01,7,6,0,1,0,3,5.61,5.44,3.87,7.884576510596324
0,0.7,4,1,1,1,0,3,5.47,4.88,3.25,7.628517626575055
0,0.53,3,4,0,1,0,3,4.98,4.66,3.01,7.86172707782398
0,1.0,6,2,0,1,2,2,5.81,5.0,3.86,7.636752112435779
0,0.41,0,4,1,0,0,0,4.21,4.09,2.73,6.934397209928558
0,0.5,3,4,0,1,2,3,4.84,4.25,3.04,7.383989457978509
0,0.81,7,4,3,0,2,3,5.35,4.87,3.4,7.59337419312129
0,0.8,0,4,0,1,0,2,5.37,5.11,3.5,7.841885928984623
0,1.21,6,2,0,0,0,3,5.96,5.92,4.07,8.013012110368916
0,0.8,4,0,0,1,0,0,5.29,5.1,3.52,7.980023592310645
0,0.7,6,6,0,1,0,3,5.42,5.29,3.48,8.069655306886165
0,0.82,0,1,1,1,0,0,5.19,5.16,3.41,7.840312983320164
0,0.71,7,1,0,0,2,1,4.95,4.95,3.37,7.970394907191429
0,1.21,6,2,0,0,0,3,5.96,5.92,4.07,8.013012110368916
0,0.8,6,6,0,1,0,0,5.32,5.07,3.49,7.705262474866325
0,0.76,5,3,0,0,0,3,5.29,5.17,3.51,7.969703583278656
0,0.81,5,1,0,1,2,2,5.19,5.03,3.49,7.7226775164680035
0,0.9,0,2,0,0,2,2,5.77,5.12,3.48,7.9976631270201
0,0.5,1,3,0,1,0,3,4.65,4.46,2.91,7.460490305825338
0,1.01,1,2,0,0,0,0,6.22,5.26,3.73,8.009363076630045
0,0.91,5,3,0,1,1,2,5.75,4.84,3.56,8.07153089355666
0,0.38,6,6,0,1,2,2,4.77,3.7,2.48,7.368339686311381
0,1.03,4,2,0,1,0,0,5.91,5.6,3.88,7.931644021454311
0,1.01,7,2,0,0,0,3,5.92,5.16,3.84,7.938445551164788
0,0.7,6,1,0,0,1,2,5.04,4.91,3.6,7.677400430514807
0,0.5,0,3,0,0,0,0,4.86,4.33,2.85,7.60339933974067
0,0.7,3,2,0,1,2,2,5.36,5.22,3.0,7.716015266642587
0,0.8,3,6,1,1,0,3,5.34,5.14,3.4,7.99799931797973
0,0.5,6,3,0,1,2,2,5.25,3.75,2.56,7.328437352895162
0,0.26,2,3,0,1,2,3,3.9,3.15,2.2,6.732210706467206
0,0.54,0,1,0,1,0,3,5.5,3.85,2.6,7.562681246721884
0,0.31,4,5,0,1,2,3,4.7,3.24,2.13,6.97914527506881
0,0.68,1,2,0,1,0,3,5.65,4.18,2.88,7.416378479192928
0,0.3,0,3,0,1,0,0,4.57,3.31,2.29,7.0909098220799835
0,0.41,0,5,1,1,2,3,5.15,3.47,2.23,7.45182223652793
0,0.42,5,0,0,1,0,3,5.16,3.63,2.31,7.311218384419629
0,0.4,0,5,0,1,2,3,5.26,3.48,2.32,7.485491608030754
0,0.5,0,1,0,0,0,3,5.53,3.91,2.4,7.454141078146678
0,0.46,0,6,2,0,0,3,4.98,3.86,2.44,7.045776576879511
0,0.38,0,6,0,1,1,2,4.59,3.88,2.51,7.029972911706386
0,0.51,2,4,0,1,2,2,5.38,4.08,2.61,7.628517626575055
0,0.68,1,2,0,1,0,3,5.65,4.18,2.88,7.416378479192928
0,0.51,2,1,0,1,1,2,4.91,3.83,3.0,7.2115567333138015
0,0.51,6,6,0,1,2,2,4.94,4.16,2.81,7.423568444259167
0,0.34,1,0,0,0,0,3,4.87,3.26,2.18,6.773080375655535
0,0.6,7,3,0,0,0,3,5.94,3.89,2.57,7.033506484287697
0,0.4,4,5,1,1,0,3,5.02,3.67,2.46,7.402451520818244
0,0.43,0,6,0,1,2,3,4.58,4.1,2.56,7.555905093611346
0,0.34,3,0,1,1,0,0,4.75,3.49,2.3,7.136483208590247
0,0.51,4,3,0,1,0,3,5.42,3.99,2.54,7.474204806496124
0,0.7,0,1,0,0,0,0,5.67,4.14,2.92,7.532088143541722
0,0.37,0,4,0,1,1,2,5.19,3.41,2.3,7.1846291527173145
0,0.32,3,3,0,1,1,2,4.02,3.64,2.38,7.1770187659099
0,0.45,4,5,0,1,0,3,5.18,3.65,2.44,7.38025578842646
0,0.3,1,1,0,1,2,3,4.46,3.5,2.11,6.752270376141742
0,0.52,1,6,0,0,2,3,5.27,3.83,2.66,7.601901959875166
0,0.61,3,1,0,1,2,2,6.13,4.18,2.59,7.478734825567875
0,0.48,3,6,0,1,0,3,5.47,3.96,2.39,7.479299637782834
0,0.43,5,5,0,1,0,0,5.22,3.52,2.34,7.395721608602045
0,0.52,4,3,0,0,0,0,5.03,3.87,2.65,7.444248649496705
0,0.51,4,1,0,1,2,3,5.59,3.76,2.55,7.492760300922379
0,0.42,0,3,1,1,0,3,4.8,3.68,2.4,7.150701457592526
0,0.4,4,3,0,1,0,3,4.98,3.67,2.24,7.1284959456800365
0,0.5,1,3,0,0,0,3,5.15,3.8,2.63,7.60339933974067
0,0.54,5,5,1,0,0,3,5.44,3.99,2.66,7.498315870766981
0,0.3,2,5,0,0,0,3,4.4,3.21,2.23,7.017506142941256
0,0.3,5,6,0,1,2,1,4.22,3.2,2.22,6.705639094860003
0,0.5,1,6,0,0,2,3,5.34,3.95,2.58,7.617267813628347
0,0.3,6,4,0,1,2,2,4.22,3.35,2.27,6.705639094860003
0,0.62,0,2,1,1,2,0,5.61,4.08,2.69,7.577121930876679
0,0.31,1,6,0,1,1,2,4.87,3.38,2.08,7.1372784372603855
0,0.5,5,5,0,0,0,3,5.03,3.86,2.67,7.3343293503005365
0,0.5,3,6,0,1,0,3,5.3,3.85,2.59,7.48324441607385
0,0.38,3,4,0,1,1,2,4.97,3.58,2.41,6.967909201801884
0,0.48,2,5,0,1,0,3,5.25,3.65,2.54,7.388946097618437
0,0.5,0,2,2,1,0,3,5.71,3.7,2.35,7.327123292259293
0,0.4,4,0,1,1,0,3,4.97,3.59,2.26,7.078341579557671
0,0.5,5,6,0,0,2,3,5.4,3.76,2.49,7.4133673356952405
0,0.34,2,6,2,1,2,3,4.68,3.47,2.17,7.160845906664299
0,0.43,0,5,1,1,0,3,5.11,3.6,2.41,7.60688453121963
0,0.5,2,4,1,1,0,2,5.29,4.0,2.48,7.51479976048867
0,0.7,2,7,3,0,2,2,6.5,4.2,2.56,7.249215057114389
0,0.41,3,5,0,0,0,0,5.5,3.55,2.2,7.510430556378006
0,0.4,0,6,0,1,0,3,4.81,3.75,2.58,7.277938572945661
0,0.46,4,3,0,0,0,0,5.0,3.71,2.46,7.40184157874383
0,0.61,6,4,0,1,1,2,4.87,4.28,4.28,7.44600149832412
0,0.4,0,1,0,0,0,3,4.98,3.69,2.4,6.834108738813838
0,0.34,1,3,0,0,0,3,4.64,3.4,2.25,7.10002716662926
0,0.4,1,6,0,1,2,3,5.28,3.52,2.27,7.4342573821331355
0,0.37,1,3,0,1,0,3,4.79,3.55,2.27,7.050989447068045
0,0.32,0,5,0,0,0,3,4.72,3.25,2.15,7.113142108707088
0,0.42,0,0,2,1,0,3,5.82,3.46,2.06,7.433666540166168
0,0.6,0,1,1,1,0,3,5.61,4.01,2.69,7.55171221535131
0,0.44,3,6,0,1,0,3,4.99,3.7,2.42,7.43307534889858
0,0.4,3,4,0,0,1,3,5.02,3.52,2.32,7.198183577101943
0,0.42,2,5,0,1,2,3,5.09,3.76,2.25,7.478169694159785
0,0.5,6,1,0,0,0,3,5.48,3.79,2.41,7.0967213784947605
0,0.3,3,6,0,0,0,3,4.6,3.21,2.11,6.964135612418245
0,0.42,1,4,0,1,2,3,4.78,3.71,2.57,7.118826249062078
0,0.33,2,7,0,1,1,2,4.77,3.43,2.21,6.376726947898627
0,0.71,6,3,0,1,0,3,5.97,4.32,2.82,7.545918151209323
0,0.4,2,5,1,0,0,0,5.08,3.68,2.41,7.562681246721884
0,0.66,5,3,0,1,0,0,6.4,4.1,2.6,7.349873704738337
0,0.31,3,0,0,0,0,3,4.76,3.28,2.03,7.014814351275545
0,0.34,1,7,0,0,2,2,4.03,3.61,2.67,6.854354502255021
0,0.59,5,6,0,1,2,2,5.62,4.14,2.73,7.5953872788539725
0,0.39,0,4,0,0,1,2,5.52,3.61,2.15,7.286191714702382
0,0.31,0,5,0,1,0,3,4.69,3.24,2.02,7.080867896690782
0,0.5,4,4,0,1,0,3,5.26,3.74,2.47,7.38025578842646
0,0.3,1,6,0,0,2,3,4.71,3.24,2.11,7.080026499922591
0,0.46,3,3,3,1,2,3,4.62,3.8,2.74,7.461640392208575
0,0.31,3,5,0,1,2,3,4.33,3.31,2.29,6.774223886357614
0,0.3,1,6,0,0,0,3,4.7,3.18,1.97,7.080026499922591
0,0.52,5,5,0,0,2,3,5.28,3.9,2.65,7.426549072397305
0,0.31,3,4,0,1,0,3,4.74,3.27,2.03,6.755768921984255
0,0.58,5,6,1,1,0,3,5.7,3.85,2.53,7.416378479192928
0,0.35,5,6,0,1,2,0,4.71,3.35,2.28,6.813444599510896
0,0.4,3,6,0,1,0,3,4.98,3.48,2.28,7.337587743538596
0,0.46,3,5,0,1,0,3,5.35,3.68,2.52,7.321188556739478
0,0.33,2,4,2,1,0,0,4.96,3.38,2.12,7.024649030453636
0,0.41,1,3,0,1,0,3,5.67,3.4,2.17,7.404887575616125
0,0.31,1,6,0,1,0,3,4.81,3.21,2.1,7.113142108707088
0,0.5,6,2,1,1,0,3,5.36,3.91,2.37,7.10085190894405
0,0.7,6,3,0,1,0,0,6.26,3.94,2.69,7.370230641807081
0,0.61,5,4,2,0,0,0,5.69,4.09,2.63,7.640123172695364
0,0.4,0,6,0,1,0,3,5.26,3.49,2.25,7.485491608030754
0,0.51,4,4,0,1,0,3,5.27,3.84,2.62,7.416979621381154
0,0.34,1,3,1,0,0,3,4.64,3.4,2.25,7.10002716662926
0,0.52,0,2,0,0,2,3,5.2,3.94,2.66,7.2305631534092925
0,0.33,0,4,0,0,2,3,4.43,3.28,2.26,6.835184586147301
0,0.4,4,3,3,0,2,3,4.73,3.47,2.38,6.7464121285733745
0,0.3,2,4,0,0,0,3,4.42,3.29,2.09,6.784457062637643
0,0.4,4,3,0,1,0,0,5.03,3.3,2.35,7.326465613840322
0,0.9,5,3,0,1,2,3,5.22,5.08,3.57,8.178358165605836
0,0.72,6,6,0,1,0,0,4.89,4.89,3.35,7.894318063841624
0,1.2,4,3,0,1,0,0,5.57,5.55,4.0,8.946244609330543
0,0.9,3,3,0,0,0,3,5.22,5.09,3.55,8.453401058328458
0,1.01,2,1,0,0,0,0,5.5,5.41,3.74,9.010302809376448
0,1.2,5,6,0,1,0,0,5.85,5.81,3.99,9.100190628475195
0,0.95,5,5,0,1,2,2,5.8,5.6,3.45,8.699681400989514
0,1.01,6,3,1,1,0,3,5.57,5.51,3.53,8.669914278433902
0,0.71,0,1,0,1,2,3,4.88,4.88,3.32,8.152774052744075
0,0.9,2,4,0,1,0,0,5.25,5.16,3.57,8.551014739891748
0,0.9,6,6,0,0,2,0,5.28,5.19,3.57,8.284504227258497
0,0.51,3,4,0,0,0,3,4.17,4.16,3.0,7.214504414151143
0,1.01,5,1,1,1,2,3,5.55,5.53,3.62,8.743850562030243
0,1.0,5,5,0,0,0,0,5.53,5.52,3.67,8.792397742356906
0,1.01,3,3,0,0,0,0,5.46,5.26,3.66,8.839131752546109
0,0.9,3,6,0,1,0,0,5.32,5.21,3.54,8.726318950962243
0,0.82,1,3,0,1,0,3,5.15,5.12,3.49,8.52595469708481
0,0.9,5,6,3,0,2,2,5.09,5.06,3.65,8.130942302231878
0,1.01,3,4,0,1,2,3,5.67,5.46,3.75,8.835646922534773
0,0.94,6,0,0,0,0,3,5.59,5.41,3.36,8.61341204915678
0,1.01,1,4,0,1,0,0,5.31,5.19,3.71,8.700680734850161
0,1.01,4,3,0,1,0,3,5.86,5.61,3.79,8.908694592507015
0,0.7,1,4,0,1,2,3,5.14,4.92,3.34,8.357493812658563
0,1.01,5,3,0,0,0,3,5.5,5.23,3.74,8.286269452783065
0,1.12,5,5,0,1,2,0,5.67,5.52,3.83,9.052282067317908
0,1.2,1,3,0,1,0,0,5.81,5.79,3.89,9.492959650085501
0,0.72,0,6,0,1,0,0,4.96,4.92,3.23,8.356319965828153
0,1.06,6,6,1,1,2,3,6.09,5.85,3.5,8.870382066070137
0,1.18,5,3,0,1,0,0,5.83,5.8,3.97,9.07004328643746
0,0.51,1,0,0,1,0,0,4.51,4.45,3.02,7.8009820712577405
0,1.05,0,3,0,1,2,2,5.73,5.66,3.85,9.127610724377186
0,1.03,7,2,0,1,2,2,5.68,5.57,3.35,8.262300941787448
0,0.9,2,6,0,1,0,3,5.18,5.13,3.57,8.703506769479729
0,1.5,4,4,0,1,0,0,6.27,6.14,4.21,9.21453157659465
0,1.16,4,5,2,1,0,3,6.31,6.02,3.67,9.156306483483696
0,1.09,5,4,0,1,1,2,6.05,5.77,3.52,8.950532836290382
0,1.01,6,6,0,0,0,3,5.52,5.46,3.8,8.561784074744113
0,1.01,1,3,0,1,0,3,5.7,5.62,3.74,9.297801647746176
0,0.79,3,1,0,1,1,2,5.47,5.41,3.19,8.326274787396764
0,1.5,6,1,0,1,0,0,6.0,5.91,4.34,9.191870855692521
0,0.96,0,4,0,0,0,2,5.45,5.42,3.53,8.820551743253025
0,0.5,1,4,0,1,0,3,4.45,4.32,2.93,7.869019376499023
0,0.7,1,3,0,1,2,3,4.91,4.83,3.29,8.282230063296685
0,1.2,1,3,0,0,0,3,5.89,5.85,4.03,9.492959650085501
0,0.71,1,3,0,1,0,0,4.88,4.81,3.25,8.365206834418355
0,0.51,2,2,0,1,2,2,4.28,4.18,3.25,7.708410667257367
0,1.24,3,1,0,0,0,0,6.03,5.96,3.98,8.831857935197906
0,1.01,2,3,0,0,0,0,5.28,5.27,3.73,8.835646922534773
0,0.9,5,4,1,1,0,0,5.29,5.28,3.53,8.543835122362658
0,1.5,5,3,0,1,2,3,6.09,5.96,4.45,9.4501443641835
0,0.61,4,5,0,0,0,3,4.68,4.57,3.15,7.805882040228621
0,0.49,1,5,0,1,0,3,4.4,4.27,2.87,7.8119734296220225
0,0.57,6,6,0,0,0,3,4.51,4.47,3.03,7.409136443920128
0,0.54,3,6,0,0,0,0,4.42,4.36,3.01,7.542213463193403
0,0.73,0,5,0,0,2,3,4.96,4.9,3.28,8.678631537293768
0,1.7,4,4,0,0,0,0,6.42,6.4,4.53,9.572132202294377
0,1.01,0,3,0,0,2,0,5.78,5.55,3.62,9.270964993792617
0,1.0,1,3,0,1,0,3,5.39,5.37,3.71,9.280332743796217
0,0.4,1,5,1,1,0,3,4.27,4.19,2.61,7.465655310134056
0,1.41,5,3,0,1,2,2,6.06,5.98,4.14,9.173883834965567
0,0.82,0,4,0,0,0,3,5.07,4.99,3.43,8.265392930852224
0,1.3,4,5,0,1,0,0,6.11,5.98,3.96,9.45258041898138
0,1.07,7,6,0,1,2,3,5.79,5.63,3.63,8.6347984334905
0,0.91,0,3,0,1,2,2,5.45,5.3,3.8,9.052633375946147
0,0.91,6,6,0,0,0,0,5.35,5.16,3.5,8.329175442077402
0,1.55,4,3,0,0,0,0,6.29,6.02,4.21,9.500319803476646
0,1.41,5,5,0,1,2,3,6.14,5.9,4.04,9.267287652417933
0,0.82,4,3,0,1,0,3,5.07,5.0,3.42,8.245121966478605
0,1.01,1,1,0,1,2,3,5.71,5.5,3.74,8.894533135798554
0,0.9,3,4,0,0,0,3,5.27,5.18,3.57,8.33110454805304
0,0.91,7,6,1,1,0,3,5.43,5.34,3.53,8.2409125416889
0,0.9,0,1,0,1,0,0,5.25,5.13,3.58,8.961237781491876
0,1.0,6,4,0,1,0,0,5.56,5.53,3.8,8.646465527120377
0,1.2,5,4,0,1,0,3,5.96,5.81,3.85,8.95828281049733
0,1.2,5,3,0,1,0,0,5.81,5.68,3.97,8.823206220552741
0,1.01,1,3,0,1,0,0,5.75,5.7,3.76,9.364433907313582
0,0.94,2,4,0,1,0,3,5.57,5.38,3.63,8.802973456578423
0,0.71,6,3,0,0,0,3,5.34,5.09,3.33,7.853216388156072
0,0.97,7,3,3,1,2,3,5.23,5.08,3.73,7.878912912297133
0,0.52,4,5,0,0,0,3,4.42,4.34,2.95,7.653494909661253
0,0.88,0,4,0,0,1,2,5.48,5.37,3.6,8.616676469901188
0,0.7,3,4,0,1,2,3,5.11,5.08,3.34,8.540714386457584
0,0.8,5,6,0,0,0,0,5.05,5.04,3.5,8.271548374755515
0,1.46,6,4,0,1,1,2,6.67,6.59,4.05,9.179159254492609
0,1.01,3,3,0,1,2,2,5.56,5.36,3.88,8.894533135798554
0,0.74,3,5,0,1,0,2,5.14,5.06,3.38,8.540909718033554
0,1.02,4,3,0,0,1,2,5.76,5.66,4.07,9.125762395500885
0,1.23,5,6,0,0,0,3,5.93,5.81,3.97,9.154193211353181
0,1.51,7,3,0,0,0,0,6.25,6.16,4.18,9.038246335337664
0,1.1,3,3,0,1,1,2,5.87,5.83,3.71,9.242226560838505
0,0.9,4,3,0,0,2,3,5.23,5.22,3.43,8.68490859582083
0,1.12,2,4,0,1,0,0,5.92,5.88,3.88,9.089302043599126
0,1.0,1,6,0,1,1,2,5.64,5.51,3.67,9.284241179815718
0,0.5,1,4,0,1,0,0,4.35,4.24,2.95,7.869019376499023
0,1.02,1,3,0,1,1,2,5.7,5.59,3.68,9.037771106624906
0,0.7,0,3,0,0,0,3,5.1,5.0,3.17,8.358900612421644
0,0.9,4,0,0,1,1,2,5.49,5.2,3.62,8.892473968347087
0,1.07,3,3,0,1,1,2,5.87,5.76,3.88,9.21453157659465
0,1.01,3,2,0,1,2,2,5.45,5.42,3.74,8.682538124003075
0,1.04,4,5,0,1,0,0,5.64,5.56,3.8,9.144841389743487
0,0.81,1,4,0,1,0,3,5.23,5.16,3.42,8.45553053102413
0,0.96,3,3,0,1,0,0,5.41,5.41,3.79,9.172015257654515
0,0.92,1,3,0,0,2,0,5.23,5.15,3.63,8.69165057315339
0,0.91,3,3,0,1,0,3,5.23,5.19,3.6,8.714567550836485
0,1.02,7,5,0,0,0,0,5.75,5.5,3.58,8.656955133791396
0,0.9,1,3,0,0,0,3,5.18,5.13,3.62,8.630164670075398
0,0.59,4,6,2,0,2,3,4.82,4.71,2.88,7.71333788887187
0,1.0,5,2,2,1,0,3,10.24,5.22,3.27,8.855092980028635
0,1.02,7,4,2,1,0,3,10.27,5.2,3.35,8.629628620746026
0,0.23,1,4,1,1,0,3,5.94,3.19,2.08,6.829793737512425
0,1.85,0,2,2,1,0,0,15.67,7.47,4.48,10.426400170470457
0,0.25,2,1,2,1,0,3,6.85,3.27,1.9,6.93537044601511
0,0.28,4,6,3,1,2,3,8.31,5.44,3.74,6.663132695990803
0,0.62,1,3,3,1,1,2,8.67,4.49,2.66,8.129174996911793
0,0.5,7,6,1,1,2,2,8.56,3.95,2.62,7.189922170745808
0,0.26,2,4,3,1,0,3,8.31,5.44,3.74,7.007600613951853
0,0.4,0,3,1,1,0,3,7.37,3.82,2.47,7.585788821732034
0,0.87,4,5,2,1,2,3,9.75,5.03,3.09,8.788593431293735
0,1.2,5,2,2,1,2,3,11.5,5.38,3.14,9.042868018032435
0,0.7,6,3,2,1,0,3,9.23,4.66,2.71,7.955425088912672
0,0.51,0,5,0,0,0,0,8.04,4.17,2.61,8.133880887949207
0,1.0,6,2,0,0,2,3,10.05,5.15,3.23,8.636397438894713
0,0.3,3,6,3,1,0,3,6.87,3.52,2.21,7.107425474110705
0,0.6,3,4,1,1,0,3,8.53,4.3,2.79,8.01829613851552
0,0.52,6,4,2,0,0,3,7.54,4.38,2.77,7.286191714702382
0,0.23,1,2,2,0,2,3,6.15,3.34,1.95,6.733401891837359
0,0.71,2,4,2,0,2,3,8.54,4.73,2.91,8.45126704130007
0,1.51,3,2,3,0,2,3,10.65,6.09,3.81,9.783295367207723
0,0.6,0,1,1,0,0,3,9.26,4.39,2.51,7.91644286012226
0,1.01,2,2,2,1,0,3,10.31,5.37,3.2,9.026417533815254
0,0.7,0,4,2,0,2,2,8.4,4.69,2.74,8.148445666243235
0,0.92,6,4,2,0,0,0,9.56,5.29,3.26,8.515191188745565
0,0.9,5,1,3,0,0,0,9.77,5.09,3.13,8.64241515616962
0,0.51,1,7,3,1,2,2,8.11,4.25,2.71,7.331714969726466
0,0.24,3,7,3,1,0,3,6.23,3.2,2.04,6.418364935936212
0,0.6,1,4,3,1,2,3,8.35,4.44,2.64,8.079927770758275
0,1.85,5,5,1,1,2,3,14.49,7.45,4.89,10.426400170470457
0,0.2,2,2,1,1,0,3,8.31,5.44,3.74,6.131226489483141
0,0.54,5,3,2,1,2,3,8.24,4.36,2.63,7.554858521040676
0,0.31,1,2,2,1,2,0,7.16,3.42,2.2,6.966024187106113
0,0.5,0,3,0,1,0,3,8.03,4.11,2.58,7.911324018963353
0,0.41,1,6,0,1,0,3,7.65,3.9,2.44,7.80016307039296
0,0.23,5,1,3,1,0,3,6.5,3.18,2.01,6.470799503782602
0,1.01,6,4,3,0,0,3,10.62,5.3,3.26,8.775240458738327
0,0.21,6,3,2,0,1,2,8.31,5.44,3.74,6.052089168924417
0,0.33,0,3,3,1,2,3,6.86,3.59,2.27,7.162397497355718
0,0.31,1,1,3,1,0,3,8.31,5.44,3.74,7.025538314638521
0,0.43,3,3,3,0,0,3,7.46,3.95,2.5,7.604396348796338
0,0.51,4,5,2,1,0,3,7.92,4.2,2.59,7.692113339595466
0,0.52,7,1,2,0,0,3,8.3,4.21,2.43,7.095893221097532
0,1.0,1,3,3,0,0,3,10.78,5.01,3.15,9.36082720525012
0,0.26,5,5,3,1,2,3,8.31,5.44,3.74,6.447305862541213
0,0.64,5,7,3,0,2,3,8.31,5.44,3.74,7.538494999413465
0,0.56,0,3,1,0,2,3,8.17,4.25,2.74,8.00836557031292
0,0.33,7,5,3,1,2,3,6.76,3.65,2.3,6.7357800142423265
0,1.5,2,2,2,1,0,0,11.21,5.85,3.75,9.48668339975797
0,0.51,0,4,2,1,1,2,8.68,4.29,2.47,7.808729306744399
0,0.31,6,3,1,0,0,3,6.63,3.52,2.32,6.8001700683022
0,1.6,5,6,2,0,2,3,11.87,6.21,3.6,9.876321884463358
0,0.8,1,1,1,0,0,3,8.88,4.78,3.1,8.481773246184977
0,1.85,1,2,3,1,2,2,12.88,6.96,4.45,10.426400170470457
0,0.57,0,2,2,1,0,3,8.24,4.36,2.75,7.621195162809845
0,0.6,1,1,3,1,2,3,8.92,4.32,2.58,7.821242083523558
0,0.5,0,1,1,1,2,3,7.68,4.15,2.7,7.575584651557793
0,0.95,6,6,3,1,2,3,9.42,5.25,3.11,8.639410824140487
0,1.21,6,7,2,0,2,3,11.15,5.31,3.08,8.368461137615839
0,1.52,7,7,1,0,2,3,10.79,6.0,3.97,8.352082671352637
0,1.85,3,2,3,1,0,0,15.14,6.96,4.37,10.426400170470457
0,0.5,6,7,2,1,2,3,8.1,4.03,2.51,6.322565239927284
0,0.53,1,5,3,0,0,3,7.89,4.22,2.68,7.779885115070522
0,0.7,2,1,1,1,2,3,8.53,4.56,2.97,8.302265794873367
0,1.5,6,0,2,1,0,0,13.11,5.65,3.34,9.670041108226021
0,0.5,1,7,3,1,2,3,8.58,4.19,2.45,7.195187320178709
0,1.0,7,1,3,1,2,3,10.05,5.16,3.27,8.483636407887394
0,0.57,1,2,0,0,1,2,8.4,4.11,2.53,7.518607216815252
0,1.76,0,5,1,0,0,3,10.98,6.44,4.18,10.426400170470457
0,0.23,1,2,3,1,0,3,8.31,5.44,3.74,6.461468176353717
0,0.24,2,2,3,0,2,3,6.22,3.22,2.05,6.630683385642372
0,0.51,3,5,1,1,1,1,7.82,4.46,2.55,7.745435610274381
0,0.61,2,2,1,1,1,2,8.06,4.34,2.85,6.298949246855942
0,1.51,0,0,1,1,2,2,10.44,5.87,3.89,10.426400170470457
0,0.5,1,3,3,1,0,3,7.84,4.14,2.61,7.971085753505607
0,0.24,0,2,3,0,0,3,6.1,3.25,2.07,6.729824070489475
0,0.73,2,2,2,1,1,2,9.01,4.55,2.92,8.098034756176071
0,0.56,4,1,1,0,1,2,7.86,4.15,2.76,7.897668150726906
0,0.72,4,3,2,0,2,3,8.82,4.72,2.85,8.39185670010494
0,0.6,6,2,2,1,1,3,8.27,4.41,2.84,7.506591780070841
0,0.52,0,1,3,1,1,1,8.03,4.19,2.47,7.374001859350161
0,0.25,2,4,2,1,2,3,6.27,3.29,2.06,7.088408778675395
0,0.73,2,2,2,1,0,3,8.33,4.77,3.06,8.110427237575024
0,0.78,7,1,3,0,2,2,9.67,4.66,2.94,7.707512194600341
0,0.4,0,0,3,1,0,3,7.43,3.92,2.38,7.86172707782398
0,0.6,0,2,1,1,2,3,8.72,4.32,2.79,7.577633832602728
0,0.9,5,1,1,1,2,3,11.02,4.63,3.0,8.12533508671429
0,0.19,3,2,1,1,0,3,5.74,3.03,1.97,6.385194398997726
0,0.71,4,7,0,1,1,2,5.74,4.25,2.91,7.480992162869525
0,0.65,5,7,2,0,1,2,8.46,4.6,2.69,7.404279118037268
0,0.51,4,5,2,0,2,3,7.16,4.43,2.58,7.776954403322442
0,0.6,3,6,3,0,2,3,8.31,4.46,2.8,7.95892649305011
0,1.0,1,1,3,0,0,3,9.87,5.22,3.25,8.9641840463529
0,0.57,6,4,1,0,2,3,8.35,4.59,2.6,7.3783837129967145
0,0.23,1,2,1,1,0,3,6.43,3.06,2.0,6.650279048587422
0,0.25,3,6,3,1,2,3,8.31,5.44,3.74,6.881411303642535
0,0.7,0,2,3,0,2,3,9.87,4.44,2.66,8.10892415597534
0,0.6,1,3,0,0,1,2,8.4,4.4,2.72,7.971085753505607
0,0.5,3,1,1,1,2,1,7.69,4.44,2.52,7.377133712833954
0,1.5,6,2,2,0,2,3,11.68,5.87,3.54,9.32375833901174
0,0.41,0,1,3,0,0,3,7.3,3.86,2.47,7.080026499922591
0,0.5,6,5,2,1,1,2,7.15,4.49,2.65,7.54274354536855
0,0.7,4,2,3,1,1,2,8.9,4.58,2.84,7.9287663216266955
0,0.51,6,3,0,0,2,2,6.13,4.63,2.63,7.247080584585756
0,0.3,0,6,0,0,2,3,5.3,3.88,2.32,6.915723448631314
0,0.41,4,6,3,1,0,3,5.66,4.29,2.7,7.224753405767971
0,0.51,4,2,3,1,0,3,6.31,4.64,2.72,7.27931883541462
0,0.32,2,0,2,0,0,3,5.33,3.93,2.36,7.037905963447182
0,0.5,5,3,1,1,0,3,6.71,4.11,2.75,7.145196134997171
0,0.5,4,1,1,1,0,3,6.36,4.58,2.62,7.354362330421477
0,0.52,2,1,0,0,2,3,6.59,4.51,2.62,7.509883061154913
0,0.5,2,1,0,1,2,3,5.81,4.33,2.92,7.470793774195062
0,0.51,5,6,3,0,2,3,6.35,4.54,2.83,7.465655310134056
0,0.5,6,6,3,1,0,3,6.65,4.45,2.61,7.354362330421477
0,0.5,7,3,1,1,2,3,5.9,4.42,2.9,7.1049654482698426
0,0.31,0,1,0,0,2,3,5.65,3.7,2.32,6.621405651764134
0,0.3,1,5,0,0,0,3,5.86,3.67,2.21,6.9874902470009905
0,0.53,5,4,0,1,2,3,6.49,4.6,2.78,7.518064181233078
0,0.28,4,3,0,1,1,2,5.22,3.56,2.32,6.907755278982137
0,0.51,0,4,0,0,2,2,6.56,4.63,2.67,7.536363938404511
0,0.5,2,1,0,1,2,2,5.91,4.54,2.86,7.44716835960004
0,0.56,5,7,0,1,2,3,6.32,4.69,2.86,7.102499355774649
0,0.55,6,1,0,1,0,0,6.47,4.67,2.9,7.508238774678663
0,0.52,6,1,0,0,0,2,6.03,4.4,2.71,7.351799869057777
0,0.41,0,3,2,0,2,3,5.6,4.25,2.67,7.2868764117507
0,0.33,3,7,0,0,1,2,5.76,4.29,1.98,6.587550014824796
0,0.41,3,3,0,1,1,2,5.7,3.9,2.67,7.3938782901077555
0,0.31,2,3,0,1,1,2,5.59,3.62,2.43,6.97914527506881
0,0.3,1,3,0,0,0,3,5.58,3.71,2.24,7.0925737159746784
0,0.4,4,5,2,0,0,3,5.89,4.04,2.56,7.215975002651466
0,0.3,1,6,0,1,2,3,5.48,3.66,2.27,7.0925737159746784
0,0.5,2,4,0,1,0,3,5.92,4.4,2.81,7.44716835960004
0,0.45,0,3,0,1,0,3,6.61,4.3,2.53,7.330405211844402
0,0.4,1,2,1,1,2,1,5.74,4.0,2.61,7.1308988302963465
0,0.42,0,3,2,1,0,3,5.7,4.23,2.71,7.455298485683291
0,0.35,0,2,0,1,1,2,5.51,3.83,2.36,6.787844982309579
0,0.48,6,2,0,1,1,2,6.7,4.58,2.62,7.0317412587631285
0,0.3,0,2,2,1,0,3,5.63,3.85,2.24,6.659293919683638
0,0.31,2,3,0,1,2,3,5.7,3.74,2.35,7.1252830915107115
0,0.55,7,6,3,0,2,3,6.78,4.61,2.75,7.163946684342547
0,0.3,0,6,3,0,2,3,5.3,3.88,2.32,6.915723448631314
0,0.4,0,6,0,1,0,3,6.52,4.07,2.31,7.365180126021013
0,0.4,3,3,3,0,0,3,5.77,4.19,2.55,7.027314514039777
0,0.51,6,1,0,0,2,3,6.31,4.48,2.76,7.371489295214277
0,0.5,2,4,2,1,2,3,5.95,4.41,2.84,7.54274354536855
0,0.5,5,4,0,1,2,2,6.91,4.5,2.45,7.43307534889858
0,0.5,1,1,0,1,2,3,6.05,4.4,2.78,7.520234556474628
0,0.3,0,6,0,1,0,3,5.62,3.78,2.26,7.0925737159746784
0,0.25,0,4,1,1,1,1,5.11,5.14,3.14,6.541029999189903
0,0.32,2,4,2,0,2,3,8.36,5.05,3.21,6.956545443151569
0,0.51,6,1,0,1,2,3,6.15,4.59,2.86,7.4073177104694174
0,0.4,1,2,0,1,2,3,5.83,4.26,2.58,7.093404625868766
0,0.37,2,1,0,1,0,3,5.64,3.94,2.58,6.876264611890766
0,0.7,6,2,0,0,0,3,6.47,4.88,3.21,7.257002707092073
0,0.31,7,3,0,0,0,3,5.34,3.71,2.4,6.836259277277067
0,0.42,2,5,1,0,2,3,5.5,4.1,2.72,7.160845906664299
0,0.5,4,6,3,0,0,3,6.51,4.48,2.64,7.3914152346753585
0,0.51,5,1,0,0,2,3,6.53,4.28,2.78,7.400009517162692
0,0.32,5,3,0,0,2,3,5.95,3.82,2.24,6.931471805599453
0,0.5,3,7,3,0,2,2,6.16,4.31,2.54,6.912742820493176
0,0.51,6,7,3,0,2,2,6.64,4.31,2.73,6.82001636467413
0,0.44,2,1,0,1,1,2,5.9,3.85,2.91,7.180069874302796
0,0.28,0,5,0,1,2,3,4.55,3.64,2.67,6.870053411798126
0,0.33,5,2,1,1,2,2,5.34,3.78,2.5,6.802394763324311
0,0.3,0,6,0,0,2,2,5.47,3.89,2.22,6.881411303642535
0,0.3,0,4,0,1,2,3,5.56,3.7,2.33,7.0925737159746784
0,0.4,0,6,0,0,0,3,6.11,4.23,2.45,7.436617265234227
0,0.5,5,5,0,0,2,2,6.26,4.48,2.65,7.546446273746024
0,0.5,5,4,1,1,2,3,6.39,4.26,2.76,7.326465613840322
0,0.7,6,4,0,0,0,3,7.55,4.53,3.0,7.333676395657684
0,0.63,6,7,0,1,1,2,6.35,4.52,3.17,7.017506142941256
0,0.3,0,3,0,1,2,3,5.5,3.67,2.33,7.0925737159746784
0,0.39,1,1,0,1,0,3,5.84,4.14,2.61,7.1569563646156364
0,0.65,4,2,0,0,2,2,7.97,4.9,2.62,7.362645270417825
0,0.58,6,1,0,0,1,2,6.55,4.95,2.5,7.528869256642251
0,0.5,6,1,0,0,2,2,6.36,4.39,2.75,7.10002716662926
0,0.3,1,4,0,0,2,3,5.64,3.68,2.23,7.0925737159746784
0,0.54,1,7,3,1,0,3,7.77,4.27,2.51,7.359467638255621
0,0.5,6,4,3,1,0,3,6.02,4.47,2.86,7.23561914106675
0,0.57,6,5,0,0,0,3,6.57,4.79,2.69,7.532088143541722
0,0.43,1,2,0,0,2,1,5.99,4.08,2.67,7.088408778675395
0,0.4,0,3,3,0,0,3,5.86,4.09,2.59,7.3914152346753585
0,0.46,0,3,3,1,2,3,6.0,3.75,2.95,7.451241684987676
0,0.4,0,4,2,0,0,3,5.78,4.12,2.61,7.116394144093465
0,0.35,3,6,0,0,2,2,5.7,3.85,2.43,6.911747300251674
0,0.5,3,4,1,1,0,3,6.53,4.63,2.65,7.550135342488429
0,0.72,5,2,0,1,0,3,6.65,4.94,3.16,7.43543801981455
0,0.38,2,3,0,0,1,2,5.24,4.01,2.7,7.0825485693553
0,0.38,5,7,0,0,1,1,5.56,3.86,2.62,6.684611727667927
0,0.37,2,3,0,1,0,0,5.7,4.23,2.34,7.1808311990445555
0,0.5,7,2,2,0,2,3,6.01,4.42,2.84,6.822197390620491
0,0.4,0,2,0,1,0,2,5.61,4.2,2.59,7.076653815443951
0,0.34,2,6,0,0,0,3,5.57,3.86,2.44,7.217443431696533
0,0.56,2,2,0,1,2,3,6.56,4.66,2.92,7.309212365692763
0,0.7,4,2,0,0,0,0,6.63,4.87,3.29,7.426549072397305
0,0.5,5,1,3,0,0,3,6.17,4.39,2.78,7.081708586105575
0,0.46,5,0,0,1,0,3,6.07,4.38,2.7,7.31986492980897
0,0.37,2,1,0,1,0,3,5.64,3.94,2.58,6.876264611890766
0,0.5,5,4,0,0,0,3,5.97,4.48,2.9,7.293697720601438
0,0.33,0,3,2,1,2,3,5.52,3.86,2.41,7.134890851565884
0,0.41,0,5,0,1,0,3,5.59,4.31,2.6,7.388327859577107
0,0.7,6,1,0,0,0,0,6.35,4.88,3.31,7.393263094763838
0,0.5,5,1,1,1,2,3,7.0,4.13,2.69,7.199678345691172
0,0.3,0,4,0,1,0,3,5.51,3.72,2.28,7.0925737159746784
0,0.23,2,3,0,1,0,0,5.25,3.25,2.05,6.811244378601294
0,0.4,1,4,0,1,2,3,6.07,4.23,2.45,7.3783837129967145
0,0.52,5,4,3,0,0,0,5.14,4.04,2.96,7.088408778675395
0,0.7,0,3,0,0,2,1,5.4,4.41,3.42,7.987184748233473
0,0.5,1,5,0,0,0,3,6.06,3.87,2.49,7.677400430514807
0,0.7,3,1,0,1,2,3,4.96,4.79,3.53,7.846589975291186
0,0.42,4,5,1,1,0,3,4.97,3.79,2.53,7.124478262493424
0,0.53,4,1,0,0,0,3,5.59,4.01,2.76,7.541683099882111
0,0.78,4,4,0,1,0,0,5.18,4.75,3.75,8.144098463338524
0,0.8,4,3,0,1,0,3,5.82,4.55,3.28,8.296297112642508
0,0.9,5,3,0,1,2,2,5.99,4.64,3.45,8.109224953089955
0,0.58,4,3,0,1,1,2,5.27,4.2,3.18,7.671826797878781
0,1.0,6,2,0,1,2,3,6.17,5.27,3.74,8.282230063296685
0,0.5,4,7,0,1,2,2,6.06,3.92,2.52,6.786716950605081
0,0.6,0,5,0,1,0,3,6.06,4.46,2.73,8.112527763478637
0,0.4,0,1,0,1,2,3,4.9,3.92,2.7,6.897704943128636
0,0.71,0,1,0,0,1,2,5.31,5.04,3.65,8.115819701211327
0,0.7,2,4,0,1,0,3,5.78,4.59,3.15,8.051340933292979
0,0.73,6,6,1,1,0,3,5.96,5.03,2.95,8.012018239159062
0,0.51,4,2,0,1,0,2,5.6,3.95,2.71,7.286191714702382
0,0.6,3,4,1,1,0,3,5.67,4.26,2.79,7.719573989259581
0,0.5,5,5,0,1,2,3,5.58,3.87,2.61,7.546446273746024
0,0.8,5,5,3,1,2,3,5.64,4.78,3.33,8.035602692918582
0,0.75,5,1,0,1,0,3,6.0,4.71,3.16,8.237479288613633
0,0.6,0,4,0,1,0,3,5.36,4.24,3.16,7.81237820598861
0,0.52,4,1,0,1,2,2,5.69,4.18,2.51,7.333023014386481
0,0.82,6,3,3,1,2,2,5.83,4.7,3.44,7.734996194022781
0,0.7,6,1,0,1,0,3,6.38,4.48,2.91,7.629975707027789
0,0.9,6,3,1,1,0,0,6.17,4.88,3.21,8.29529885950246
0,0.71,4,4,0,0,2,3,5.15,4.74,3.32,7.898411092811599
0,0.51,0,6,0,0,0,3,6.01,3.87,2.51,7.835974581721566
0,1.0,6,6,3,1,0,0,5.92,5.16,3.59,8.236420527265391
0,0.73,3,6,0,1,2,3,6.2,5.07,2.93,8.277666160851503
0,0.7,6,1,0,0,0,3,5.44,4.45,3.19,7.629975707027789
0,0.5,7,0,0,1,0,0,5.16,4.07,2.75,7.195937226475569
0,0.74,5,1,0,0,0,0,5.96,4.47,3.1,7.385230923066573
0,0.94,5,3,0,1,2,3,5.39,5.01,3.73,8.152774052744075
0,0.52,0,1,0,1,1,2,5.37,4.1,2.8,7.57095858316901
0,0.8,0,1,0,0,1,2,5.19,4.83,3.95,8.055475141757274
0,0.67,6,4,0,1,1,2,4.71,4.55,3.6,7.679713639966372
0,0.51,3,5,0,0,0,3,5.44,4.15,2.78,7.718240951959316
0,0.86,5,1,0,1,2,2,5.53,4.71,3.49,7.87777633327726
0,0.5,4,5,0,1,0,3,5.48,4.11,2.85,7.787796878181171
0,0.81,7,3,0,1,2,3,5.89,4.56,3.27,7.642524134232902
0,1.0,7,2,0,0,2,2,6.47,5.23,3.71,8.185350223178686
0,0.62,4,3,0,1,2,3,5.49,4.38,3.12,7.848153086199526
0,0.5,0,5,0,1,0,3,5.11,4.04,2.73,7.498315870766981
0,0.59,5,1,0,0,1,1,4.7,4.58,3.1,7.030857476116121
0,0.8,4,3,0,0,0,3,6.05,4.56,3.11,8.15708378502887
0,0.7,2,2,0,1,0,3,6.45,4.08,2.94,7.96346006663897
0,0.7,7,6,0,0,0,0,5.74,4.49,3.11,7.639642287858013
0,1.0,4,2,0,0,0,3,5.96,4.9,3.56,8.307705966549513
0,1.01,6,2,0,1,0,3,5.43,5.35,3.85,8.078688229229872
0,0.82,5,1,0,1,2,3,5.96,4.59,3.14,8.271036865792954
0,0.63,5,3,0,1,1,2,5.03,4.15,3.32,7.618251097876695
0,1.01,6,2,0,1,2,2,5.47,4.8,4.36,8.076826031298808
0,0.9,6,1,0,1,2,0,5.19,5.1,3.67,8.082093278178382
0,0.78,5,6,0,1,2,1,5.22,4.92,3.78,7.952966790923131
0,0.7,3,1,0,1,2,2,4.62,4.58,3.76,8.046869510959576
0,0.54,0,3,1,0,1,2,5.72,4.37,2.71,7.787382026484701
0,0.69,3,3,0,1,0,0,6.3,4.5,2.9,7.554858521040676
0,0.4,3,3,0,0,1,2,4.36,4.12,2.96,7.1284959456800365
0,0.84,5,3,3,1,2,3,5.6,4.81,3.46,7.934871565945177
0,0.9,6,6,0,1,0,3,6.53,4.98,3.49,8.300031711779575
0,0.59,1,5,0,1,0,0,5.26,4.55,3.27,8.136518252115291
0,0.5,2,5,0,1,0,3,5.34,4.08,2.83,7.769378609513984
0,0.5,2,4,0,0,2,2,5.65,4.28,2.42,7.6577552711348655
0,0.7,6,5,0,1,0,2,5.63,4.63,3.38,7.839131648274333
0,1.11,7,7,0,0,2,2,6.22,5.66,3.85,8.289790583181643
0,0.53,0,1,2,1,2,3,5.65,4.41,2.7,6.486160788944089
0,0.81,4,4,0,1,0,0,6.42,4.38,3.06,8.182000136293405
0,1.0,7,2,0,1,0,0,6.21,5.0,3.53,8.067149039910106
0,0.7,3,4,0,1,1,2,5.1,4.79,3.38,8.266421472984554
0,0.76,6,1,0,1,2,3,6.31,4.58,2.84,7.8528278122817445
0,0.51,4,3,0,1,2,3,4.88,4.72,2.63,7.9105906122564775
0,0.7,4,3,0,0,0,0,5.72,4.43,2.96,8.21878715560148
0,0.7,2,2,0,1,2,2,4.83,4.57,3.52,7.842671474979457
0,0.71,5,3,0,1,0,0,5.85,4.44,3.07,7.618251097876695
0,0.5,1,6,0,1,0,3,5.38,4.1,2.86,7.769378609513984
0,0.62,3,1,0,1,2,2,4.93,4.58,3.13,7.566828479208331
0,0.84,5,3,3,1,2,3,5.7,4.8,3.56,7.87359778968554
0,0.51,1,1,0,1,2,2,5.6,3.73,3.0,7.399398083331354
0,0.5,1,1,0,1,0,0,5.91,3.86,2.68,7.7306140660637395
0,0.8,5,3,0,1,0,0,5.97,4.55,3.16,7.954372272531867
0,0.51,3,5,0,1,0,3,4.86,4.35,2.87,7.739359202689098
0,0.76,0,4,0,1,2,2,5.66,4.92,3.33,8.246958032568177
0,0.5,6,5,0,0,0,3,5.37,4.15,2.83,7.195937226475569
0,0.71,4,4,0,0,0,0,6.29,4.33,2.92,8.234830280442056
0,1.02,6,3,0,1,2,2,5.6,5.5,3.91,8.305236829492593
0,0.71,0,1,0,1,2,2,5.13,5.01,3.39,8.151909872940905
0,0.71,3,6,0,1,1,1,5.39,4.39,3.56,8.013012110368916
0,0.88,3,1,0,1,2,3,5.5,5.32,3.63,8.228443883004033
0,0.28,4,6,0,1,2,2,4.88,3.08,2.03,7.094234845924755
0,0.61,4,5,0,1,0,0,5.46,4.39,3.01,7.820439515262181
0,0.25,2,3,0,0,2,3,3.56,3.56,2.54,6.880384082186005
0,0.51,3,4,0,1,2,3,5.39,4.01,2.71,7.257002707092073
0,0.9,7,3,0,1,2,2,5.47,4.92,3.7,7.803843303538772
0,0.74,2,3,0,0,1,2,5.25,4.5,3.56,8.21716859576607
0,0.98,6,1,0,1,1,1,5.81,5.7,3.83,8.285261134068948
0,0.72,2,3,1,0,0,0,5.83,4.62,2.92,8.025843344150903
0,0.7,4,6,0,1,0,0,5.92,4.51,3.15,8.277411998949004
0,0.46,1,4,0,1,1,2,5.18,4.33,2.62,7.614805364711073
0,1.0,6,3,3,1,2,3,6.15,5.01,3.65,8.239065331769268
0,0.75,2,1,0,0,2,2,4.89,4.79,3.75,7.913521017283895
0,0.51,3,6,0,1,0,3,5.32,3.97,2.71,7.277247726631484
0,1.02,7,1,1,0,0,0,6.68,4.91,3.29,8.238008249218403
0,0.25,0,2,0,1,2,3,5.51,3.52,2.21,6.633318433280377
0,0.36,3,1,1,1,0,3,6.09,4.04,2.42,7.059617628291383
0,0.24,0,4,2,1,2,3,5.71,3.49,2.03,6.5722825426940075
0,0.49,2,1,0,0,1,2,6.46,4.44,2.79,7.43955930913332
0,0.3,2,0,0,1,0,3,5.9,3.78,2.31,7.02197642307216
0,0.75,5,2,0,0,0,3,8.12,4.83,3.05,7.55171221535131
0,0.31,3,2,3,1,0,0,5.6,3.79,2.41,6.805722553416985
0,0.5,4,3,1,0,0,3,6.45,4.38,2.85,7.570443252057374
0,0.6,5,1,2,1,0,3,7.88,4.59,2.75,7.3783837129967145
0,0.51,1,1,0,1,2,3,6.76,4.51,2.83,7.640123172695364
0,0.42,0,6,3,1,0,3,6.35,4.27,2.61,7.519149957669823
0,0.41,4,0,3,1,0,3,6.29,4.27,2.5,7.20934025660291
0,0.49,2,1,0,1,0,3,7.04,4.41,2.71,7.3727463664043285
0,0.56,4,1,0,0,1,1,6.51,4.98,3.0,7.59890045687141
0,0.33,1,4,3,0,2,2,5.79,3.9,2.32,6.782192056006791
0,0.48,1,3,0,1,1,2,6.88,4.25,2.72,7.661527081358517
0,0.48,4,5,0,1,0,3,6.88,4.38,2.73,7.584773077612199
0,0.49,4,3,3,1,2,3,6.3,4.3,2.85,7.529406457837013
0,0.3,2,1,0,1,0,0,6.27,3.81,2.08,7.110696122978827
0,0.31,2,1,0,0,2,2,5.91,3.95,2.14,6.761572768804055
0,0.4,3,0,2,1,0,3,6.29,4.08,2.59,7.323830566202317
0,0.5,0,4,1,0,2,3,6.46,4.32,2.81,7.495541943884256
0,0.5,2,2,3,1,0,3,7.37,4.36,2.66,7.1631723908466425
0,0.5,0,4,2,0,0,3,6.59,4.45,2.79,7.60339933974067
0,0.41,5,2,3,1,0,3,6.52,4.28,2.57,7.122866658599083
0,0.44,0,4,0,1,1,2,6.05,4.02,2.98,7.4067107301776405
0,0.46,3,6,1,1,2,3,6.87,4.12,2.74,7.57198844937744
0,0.4,3,5,3,0,0,2,6.31,4.09,2.6,7.473069088032197
0,0.4,1,5,3,0,2,2,5.8,4.05,2.56,7.22402480828583
0,0.5,0,1,1,1,0,3,6.77,4.34,2.82,7.618742377670413
0,0.42,1,1,3,1,0,3,6.15,4.24,2.68,7.121252453244542
0,0.5,6,1,0,0,0,3,6.85,4.52,2.75,7.170888478512505
0,0.37,2,1,3,1,2,0,6.5,3.83,2.32,7.215239978730097
0,0.4,5,3,1,1,0,3,5.99,4.02,2.69,7.01571242048723
0,0.63,7,4,0,0,2,3,7.4,4.86,3.03,7.3914152346753585
0,0.33,1,6,0,1,2,2,6.78,3.85,2.2,7.0909098220799835
0,0.5,2,7,3,1,0,3,7.26,4.41,2.78,7.166265974133638
0,0.52,0,2,0,1,0,3,7.09,4.41,2.84,7.382124365737512
0,0.32,3,4,0,1,2,3,6.21,3.85,2.41,6.815639990074331
0,0.4,5,5,3,1,2,2,6.87,4.15,2.47,6.974478911025045
0,0.5,6,2,2,1,0,0,4.67,6.54,2.72,7.1204443723924875
0,0.6,7,6,3,1,0,3,7.0,4.72,2.86,7.389563953677635
0,0.52,1,2,1,1,0,3,6.77,4.47,2.92,7.416979621381154
0,0.51,6,1,0,0,2,3,7.16,4.54,2.53,7.301822342137932
0,0.34,0,0,3,1,2,3,6.32,3.77,2.23,7.340186835320115
0,0.32,2,2,3,1,0,3,5.88,3.89,2.39,6.953684210870537
0,0.3,3,7,0,0,2,3,6.07,3.6,2.36,6.340359303727752
0,0.51,2,4,0,1,0,3,7.04,4.23,2.75,7.643003635560718
0,0.31,2,2,0,1,0,3,6.04,3.67,2.31,6.710523109452428
0,0.41,3,0,3,1,2,3,5.96,4.16,2.62,7.418780882750794
0,0.52,7,1,0,1,0,0,6.5,4.42,2.9,7.150701457592526
0,0.4,0,3,3,1,2,3,6.84,4.11,2.49,7.506042178518122
0,0.31,3,2,3,1,2,3,6.17,3.85,2.33,6.678342114654332
0,0.51,0,5,1,0,0,3,6.82,4.35,2.84,7.449498005382849
0,0.4,1,5,2,1,0,3,6.38,4.32,2.57,7.495541943884256
0,0.51,4,3,1,1,2,3,6.58,4.38,2.85,7.653020413804189
0,0.46,3,5,2,1,0,3,6.71,4.46,2.63,7.639161171659173
0,0.7,4,7,1,1,2,3,7.77,4.82,3.13,7.596894438144544
0,0.71,3,2,0,1,0,0,7.42,4.83,3.19,7.59488438721652
0,0.5,6,1,0,0,2,3,7.17,4.32,2.65,7.3613754289773485
0,0.4,1,5,3,0,0,2,6.94,4.07,2.45,7.22402480828583
0,0.51,6,1,3,0,0,3,6.79,4.38,2.79,6.855408798609928
0,0.46,1,4,0,1,2,3,6.42,4.4,2.57,7.254884810077338
0,0.39,1,3,0,1,0,3,6.44,4.11,2.51,7.134890851565884
0,0.5,0,4,3,0,2,3,6.64,4.34,2.75,7.623153068476902
0,0.24,2,3,3,1,0,3,5.56,3.58,2.13,7.0317412587631285
0,0.51,2,2,1,1,0,3,7.17,4.26,2.81,7.347299700743164
0,0.19,0,4,0,0,2,3,4.86,3.33,2.06,6.602587892189336
0,0.49,0,2,0,1,1,2,6.76,4.34,2.83,7.521859252201629
0,0.51,6,7,2,0,2,3,7.03,4.48,2.73,6.655440350367647
0,0.5,3,1,2,1,0,3,7.55,4.41,2.54,7.21890970761906
0,0.52,0,5,2,0,2,3,6.66,4.48,2.88,7.469083884921234
0,0.4,2,5,1,0,2,3,6.64,4.12,2.35,7.387090235656757
0,0.5,6,6,3,1,0,3,6.48,4.41,2.8,7.416979621381154
0,0.32,3,6,1,1,1,2,5.29,3.89,2.57,6.71901315438526
0,0.5,5,0,0,1,2,0,6.97,4.49,2.62,7.555905093611346
0,0.53,3,3,2,1,2,3,7.46,4.91,2.4,7.6255950721324535
0,0.61,7,4,0,1,1,2,6.73,4.65,3.13,7.396948602621014
0,0.64,0,7,0,0,1,2,6.85,5.01,3.18,7.62657020629066
0,0.41,0,5,1,0,2,3,6.02,4.15,2.69,7.371489295214277
0,0.5,2,2,0,1,2,2,6.85,4.45,2.69,7.093404625868766
0,0.44,3,5,0,1,0,0,6.83,4.41,2.36,7.317212408359839
0,0.46,0,1,0,1,0,3,7.0,4.3,2.54,7.337587743538596
0,0.7,7,4,0,0,0,3,7.4,5.05,3.11,7.565793282428515
0,0.32,3,3,0,1,2,1,6.36,4.06,2.05,7.024649030453636
0,0.41,1,4,2,1,2,2,6.49,4.26,2.48,7.370230641807081
0,0.3,2,1,0,1,0,3,5.63,3.7,2.33,6.659293919683638
0,0.31,2,6,0,0,2,3,5.9,3.89,2.32,6.774223886357614
0,0.3,5,1,0,0,1,3,5.7,3.85,2.26,6.595780513961311
0,0.44,3,5,3,1,0,3,6.72,4.26,2.62,7.575071699507561
0,0.49,7,1,0,0,1,1,7.29,4.04,2.64,6.856461984594587
0,0.43,5,5,3,1,0,3,6.36,4.31,2.63,7.329093736246592
0,0.35,1,3,2,1,2,3,6.41,3.81,2.27,7.116394144093465
0,0.33,2,4,0,0,0,2,6.2,3.8,2.31,7.037027614686276
0,0.26,0,4,2,1,2,2,5.71,3.59,2.15,6.762729506931879
0,0.51,0,2,0,1,1,3,6.96,4.17,2.71,7.084226422097916
0,0.53,6,5,3,1,0,3,6.77,4.63,2.76,7.4413203897176174
0,0.51,3,1,0,1,2,2,7.96,4.22,2.48,7.621195162809845
0,0.52,0,1,0,1,2,2,6.33,4.29,3.11,7.5406215286571525
0,0.3,2,1,3,1,2,3,5.76,3.77,2.31,7.013915474810528
0,0.4,2,3,1,0,0,3,6.53,3.94,2.59,7.350516171833998
0,0.48,0,1,0,1,2,2,6.09,4.57,2.81,7.419380582918692
0,0.51,0,2,0,0,1,2,6.37,4.47,2.91,7.601402334583733
0,0.5,5,1,0,0,2,3,6.71,4.39,2.59,7.247080584585756
0,0.51,6,1,3,0,0,3,6.99,4.62,2.71,7.025538314638521
0,0.5,3,1,0,1,2,3,4.57,5.37,3.23,7.280008252884188
0,0.4,5,6,0,1,0,3,4.18,5.01,3.13,7.186901020411631
0,0.6,3,1,0,0,1,2,5.18,6.55,3.27,7.429520842786462
0,0.5,4,2,1,1,2,3,4.51,5.36,3.51,7.080026499922591
0,0.7,5,0,2,1,0,0,5.14,6.11,3.75,8.22389538017882
0,0.7,1,2,0,1,2,3,5.81,6.45,2.96,8.0774471493312
0,0.58,3,1,0,0,1,2,5.71,5.99,2.48,7.713784616598755
0,0.54,0,6,2,1,0,2,4.85,5.82,3.39,7.716460800176355
0,0.81,1,1,3,1,0,3,5.57,6.33,3.73,8.129469764784231
0,0.5,1,5,0,1,0,3,5.14,5.49,2.97,7.845024417241484
0,0.92,3,2,0,1,0,3,6.11,6.64,3.87,8.418256443556213
0,0.51,3,4,2,0,0,0,4.58,5.58,3.36,7.4977617006225685
0,0.8,2,1,3,0,2,3,5.09,6.39,3.88,8.348301054933943
0,1.01,5,2,0,1,0,3,5.82,6.76,4.09,8.381373468273702
0,0.72,0,3,1,1,0,3,5.52,6.27,3.55,8.122371243406553
0,0.59,6,3,0,1,0,0,5.11,5.79,3.1,7.422971251049421
0,0.41,6,0,0,1,0,3,4.29,5.06,3.13,6.999422467507961
0,0.7,1,6,0,1,0,3,5.1,6.05,3.73,8.12533508671429
0,0.8,2,2,0,1,1,2,6.21,6.46,3.32,8.135346948906706
0,0.7,3,1,0,1,2,2,5.99,6.08,3.3,8.142354276849835
0,0.62,2,7,0,0,0,3,5.43,5.73,3.46,7.174724309836376
0,0.5,3,3,3,0,0,0,4.69,5.46,3.28,7.785305182539862
0,0.74,1,2,0,1,2,3,5.63,6.26,3.61,8.133000218583613
0,0.5,0,1,0,1,0,3,5.07,5.35,2.93,7.454141078146678
0,0.9,5,2,0,1,0,0,5.58,6.71,3.93,8.147867129923947
0,0.8,2,1,0,1,0,3,5.73,6.65,3.69,8.343315881404946
0,0.7,4,4,3,1,0,3,5.09,6.03,3.77,8.212839584676484
0,1.01,7,2,0,0,2,0,6.31,7.16,4.04,8.205764725234456
0,0.5,6,4,0,0,0,3,5.05,5.34,2.93,7.0925737159746784
0,0.45,1,3,3,1,2,3,4.59,5.3,3.18,7.395107546562485
0,0.73,6,2,0,1,0,3,5.96,6.24,3.26,7.766840537085513
0,0.43,6,3,2,0,0,3,4.47,5.26,3.06,7.113956109566034
0,0.38,2,1,3,1,2,3,4.57,4.9,2.62,7.200424892944957
0,0.5,3,4,1,1,0,3,4.74,5.64,3.24,7.794411205726601
0,0.5,3,4,3,1,0,3,4.69,5.53,3.26,7.794411205726601
0,0.35,6,1,0,0,1,2,4.55,5.03,2.51,6.675823221634848
0,0.7,2,4,3,1,2,2,4.95,6.05,3.82,7.870165946469845
0,0.57,1,2,0,1,1,1,5.59,6.64,2.47,7.647786045440933
0,0.52,1,5,0,0,2,3,4.96,5.71,3.38,7.932003152361385
0,0.88,2,1,0,1,0,0,5.64,6.73,3.99,8.351610750626559
0,1.0,3,2,0,1,0,0,6.0,7.0,4.0,8.30325712085294
0,0.54,0,5,0,0,1,3,4.84,5.6,3.22,7.9355873855892
0,1.0,2,2,2,0,2,3,6.01,6.76,3.95,8.390041405755754
0,0.91,4,2,0,1,2,3,6.67,7.17,2.94,8.338544879988579
0,0.5,0,1,3,1,0,3,4.83,5.47,3.21,7.649216319820633
0,0.54,1,4,2,1,0,3,4.93,5.6,3.29,7.79770203551669
0,0.7,3,2,0,1,2,0,4.93,6.0,3.78,7.614805364711073
0,1.0,3,2,2,0,0,3,5.99,6.88,3.99,8.273336598504486
0,0.47,3,6,2,1,0,3,4.63,5.38,3.18,7.498869733976931
0,0.53,6,2,0,1,2,2,5.37,5.26,3.23,7.1569563646156364
0,0.7,2,1,0,0,0,3,5.22,6.08,3.69,7.845024417241484
0,0.53,3,5,2,0,0,3,4.74,5.59,3.3,7.459338895220296
0,1.01,5,2,3,0,2,3,6.03,6.79,4.02,8.316789127071518
0,0.4,3,5,2,1,2,3,4.07,5.05,3.11,7.295735072749282
0,0.3,1,4,2,1,0,3,3.87,4.67,2.7,6.925595197110468
0,0.38,2,1,0,0,2,1,4.79,4.92,2.92,7.329093736246592
0,0.72,0,3,2,1,0,3,5.64,6.09,3.55,8.312135107648412
0,0.8,3,1,0,0,2,0,5.85,6.42,3.67,8.210668031162976
0,0.7,3,2,0,1,0,3,5.2,6.03,3.6,7.614805364711073
0,0.71,1,1,3,1,0,0,5.57,6.16,3.65,7.753623546559746
0,0.33,2,5,2,1,0,3,4.08,4.84,2.8,7.311218384419629
0,0.9,6,7,1,0,1,2,5.79,6.31,4.08,7.8655717576847906
0,0.7,1,2,3,1,0,3,4.9,5.96,3.72,7.737616282857904
0,0.76,5,2,0,1,2,2,5.58,6.22,3.61,7.6255950721324535
0,0.71,2,2,0,1,1,2,4.98,6.33,3.27,8.21959545417708
0,0.7,6,2,3,0,0,3,5.27,6.09,3.59,7.491087593534876
0,0.55,2,3,0,1,0,3,4.84,5.69,3.45,8.09925056179696
0,0.7,0,3,3,1,2,3,5.02,6.03,3.63,8.012349639327795
0,0.74,1,3,0,1,0,0,5.09,6.06,3.69,8.31996102188653
0,0.41,1,0,2,0,0,3,4.4,5.09,3.09,7.29505641646263
0,0.82,5,1,0,0,0,0,5.68,6.43,3.83,7.99699040583765
0,0.59,3,1,0,1,1,2,5.78,5.36,3.16,7.743269700829004
0,0.5,0,1,0,0,0,3,4.98,5.61,3.06,7.575584651557793
0,0.51,0,6,0,0,0,0,4.95,5.44,3.19,7.821242083523558
0,1.0,5,7,3,0,0,3,5.6,6.73,4.27,8.15708378502887
0,0.55,0,3,0,1,2,3,4.96,5.87,3.17,7.879669914604289
0,0.71,0,5,3,1,0,3,5.17,6.1,3.65,8.296546520300614
0,1.0,5,2,0,0,0,0,5.74,6.83,4.33,8.312871394342615
0,0.5,1,7,0,1,2,3,4.54,5.54,3.39,7.7664168980196555
0,0.5,6,6,3,0,2,3,4.98,5.38,3.25,7.198183577101943
0,0.85,4,3,0,1,0,0,5.41,6.49,3.91,7.7488913372555315
0,0.6,3,1,2,0,0,0,5.28,5.96,3.44,7.299797366758161
0,0.51,5,3,0,1,0,3,4.99,5.52,3.05,7.421775793644647
0,0.7,1,1,2,1,2,3,5.18,6.3,3.64,7.964850887447313
0,0.5,0,4,0,1,2,0,5.23,5.57,2.96,7.719573989259581
0,0.5,6,1,0,0,0,3,5.24,5.47,3.02,7.10002716662926
0,0.32,1,6,3,1,0,3,4.12,4.79,2.84,7.280697195384741
0,0.49,0,6,0,1,2,3,4.81,5.49,3.21,7.693025748417888
0,0.77,4,2,0,1,0,3,5.78,6.29,3.53,7.893945138235959
0,0.4,3,2,2,0,0,3,4.6,5.06,2.93,6.984716320118266
0,0.83,5,1,0,1,2,2,6.05,6.75,3.42,8.104099056143582
0,0.8,1,1,0,0,0,3,5.63,6.19,3.88,8.251663923605589
0,1.03,4,1,3,1,0,3,6.92,5.84,4.19,8.321421586897879
0,0.5,0,0,3,1,0,0,4.67,5.51,3.36,8.27614021955846
0,0.56,1,4,0,1,2,3,5.01,5.68,3.41,7.897668150726906
0,0.7,4,0,3,1,0,3,5.29,6.21,3.7,8.251663923605589
0,0.5,3,1,0,0,2,3,4.33,5.38,3.36,7.064759027791802
0,0.41,1,5,3,0,0,3,4.3,5.13,3.08,7.153833801578843
0,0.51,5,5,0,1,0,3,4.54,5.48,3.53,7.4999765409521215
